". lexicography",lexicography
"britain. pas","Britain, PAS"
"egyptology. religion","egyptology, religion"
"language. concordance","language, concordance"
achaemenids,Achaemenids
achemenet,Achemenet
administrative,
aegean,Aegean
afghanistan,Afghanistan
africa,Africa
aggregator,aggregator
agriculture,agriculture
aia,AIA
aja,AJA
akkadan,Akkadian
akkadian,Akkadian
alfred percival maudslay,Alfred Percival Maudslay
algeria,Algeria
alisha,Alishar
alishar,Alishar
alte geschichte,ancient history
alter orient,Ancient Near East
altertumswissenschaften,antiquity
altorientalische,Ancient Near East
amar,Amar
amarna,Amarna
american journal of archaeology,AJA
american research institute in turkey,ARIT
american schools of oriental research,ASOR
amir,AMIR
amphorae,amphorae
amphores,amphorae
analecta,journal
anatolia,Anatolia
ancienne,antiquity
anciennes,antiquity
ancient glass,glass
ancient history,ancient history
ancient law,"ancient law, law"
ancient near east,Ancient Near East
ancient science,"ancient, science"
ancient,antiquity
annales,journal
annuaire,journal
annual report,"annual report, report"
anthropological,anthropology
anthropology,anthropology
antiga,antiquity
antigua,antiquity
antigüedad,antiquity
antike,antiquity
antique,antiquity
antiques,antiquity
antiquities,antiquities
antiquity,antiquity
antiquité,antiquity
antiquités,antiquity
apa,"APA, SCS"
app,computer program
arabi,Arabic
arabia,Arabia
arabian,Arabia
arabic,Arabic
arachaeology,archaeology
arachne,"Arachne, DAI"
aramaic,Aramaic
aratta,Aratta
archaelogy,archaeology
archaeobotany,archaeobotany
archaeologica,archaeology
archaeological institute of america,AIA
archaeological scence,archaeological science
archaeological science,archaeological science
archaeological site,"archaeology, archaeological site"
archaeological,archaeology
archaeology at cambridge,Archaeology at Cambridge
archaeology data service,Archaeology Data Service
archaeology karnak,"Karnak, archaeology"
archaeology,archaeology
archaeology,archaeology
archaeology. larsa,"archaeology, Larsa"
archaeoloy,archaeology
archaeozoology,archaeozoology
archaology,archaeology
archeologia,archaeology
archeologica,archaeology
archeology,archaeology
archeometery,archeometry
archeometry,archeometry
archibab,
architecture,architecture
archival,archives
archive,archive
archives,
archäologie,archaeology
mosul museum,"Mosul Museum, museums"
archéologie,archaeology
archéologie,archaeology
archéologique,archaeology
archéologiques,archaeology
argentina,Argentina
argentine,Argentine
arit,ARIT
semitic languages and literature,Semitic languages and literature
arkeoloji,archaeology
armenia,Armenia
armenian,Armenian
arqueologia,archaeology
arqueologia,archaeology
arqueología,archeaology
art history,art history
art,art
arte,art
articles,journal
artifacts,artifacts
artstor,Artstor
artstor,Artstor
ascsa,ASCSA
asia,Asia
asian,Asia
asor,ASOR
assyria,Assyria
assyrian,Assyria
assyrienne,Assyria
assyriology,"Assyria, Assyriology"
assyrology,Assyriology
assytia,Assyria
astronomy,astronomy
athenian,Athens
athens,Athens
atlas,atlas
attic inscriptions online,Attic Inscriptions Online
attica,Attica
audio,audio
australia,Australia
austria,Austria
awol,AWOL
azerbaijan,Azerbaijan
babylon,Babylon
babylonia,Babylon
babylonian,Babylon
backlist,backlist
bactria,Bactria
bahrain archaeology,"Bahrain, archaeology"
bahrain,Bahrain
balkan,Balkans
balkans,Balkans
base de données,"data, database"
basque,Basque
beads,beads
belgium classics,"Belgium, classics"
belgium,Belgium
berlin,Berlin
bible,"Bible, religion"
biblical,"bible, religion"
bibliographical,bibliography
bibliographies,bibliography
bibliography,bibliography
biblioteca,
bibliotheca,library
biography,biography
bips,BIPS
black sea,Black Sea
blog,blog
boletines de la seb,Boletines de la SEB
boletín,
bollettino,
book of the dead,Book of the Dead
book review,book reviews
book reviews,book reviews
book,book
books,book
boğazköy,Boğazköy
brasil,Brazil
brazil,Brazil
brill,Brill
britain,Britain
british museum,"British Museum, museums"
bronze,bronze
brooklyn museum,"Brooklyn Museum, museums"
buddhism,"Buddhism, religion"
buddhist,"Buddhism, religion"
bulgaria,Bulgaria
bulletin,journal
byrsa,Byrsa
bysantine,Byzantium
byzad,ByzAD
byzantine greek,"Byzantine Greek, Greek"
byzantine,Byzantium
byzantium,Byzantium
caa,CAA
cahiers,journal
cairo,Cairo
calendar,calendar
california,California
call for papers,call for papers
cambodia,Cambodia
cambridge,Cambridge
canada,Canada
caorc,CAORC
carthage,Carthage
catacombs,catacombs
catalan,Catalan
catalog,catalogue
catalogue,catalogue
catalogues,catalogue
catalonia,catalonia
catlan,Catalan
caucasus,Caucasus
cdli,CDLI
central asia,Central Asia
ceramics,"pottery, ceramics"
chile,Chile
china,China
chinese,China
christian,"Christianity, religion"
christianity,"Christianity, religion"
christliche,"Christianity, religion"
chronique,journal
chronology,Chronology
church,"church, religion, Christianity"
cicero,Cicero
cities,cities
class,class
classica,classics
classical archaeology,"classical archaeology, archaeology"
classical,classics
classicist,classics
classics,classics
classocs,classics
clásica,classics
clásicos,classics
clássicos,classics
cnrs,CNRS
codex,
coins,numismatics
collaboration,collaboration
collaborative,collaboration
collecting,collecting
collection,
collections,
college,
columbia,Columbia
commentary,commentary
community,collaboration
competition,competition
concordance,concordance
conference,conference
conference,conference
congress,
conservation,conservation
conservaton,conservation
coptic,"Coptic, egyptology"
corpus,
corsica,Corsica
crete,Crete
crimea,Crimea
croatia,Croatia
croatian,Croatian
crowd source,"crowd source, crowdsource"
crowdsource,"crowdsource, crowd source"
crurch,church
csad,CSAD
cuadernos,journal
cucd,CUCD
cucuteni,Cucuteni
cultural heritage,cultural heritage
cultural property,Cultural Property
cultural,culture
culture,culture
cuneform,cuneiform
cuneiform,cuneiform
curriculum materials,"pedagogy, curriculum materials"
cyprus,Cyprus
cyriac,Syriac
czech republic,Czech Republic
dacia,Dacia
dai,DAI
dakhleh,Dakhleh
damascus,Damascus
data,data
database,"data, database"
databases,"data, database"
datenbank,"data, database"
dccmt,DCCMT
dead sea scrolls,Dead Sea Scrolls
demotic,"Demotic, egyptology"
denmark,Denmark
description and travel,"description and travel, travel"
deutschen,
deutsches archäologisches institut,DAI
dialogos,Dialogos
dictionaries,dictionaries
dictionary,dictionaries
digital libraries,digital library
digital library,digital library
digitization,digitization
digizeitschfiten,DigiZeitschriften
digizeitschriften,DigiZeitschriften
directories,directories
diritto,law
dissertations,dissertations
dlir,DLIR
document,document
documents,
dodecanese,Dodecanese
données,
dossiers,journal
drama,Drama
dumbarton oaks,Dumbarton Oaks
dutch,Dutch
early christianity,"early Christianity, christianity, religion"
eastern mediterranean,Eastern Mediterranean
ebla,Ebla
edfu,Edfu
education,education
egypt exploration society,Egypt Exploration Society
egypt,Egypt
egyptian,egyptology
egyptological,egyptology
egyptology abbreviations,"Egyptology, abbreviations"
egyptology,egyptology
egyptomania,Egyptomania
egypy,Egypt
egypyology,egyptology
ejournal,journal
elamite,Elamite
elephantine,Elephantine
emar,Emar
encyclopaedia,encyclopedia
encyclopedia,encyclopedia
engineering,"engineering, technology"
england,England
englanf,England
enkomi,Enkomi
environment,environment
epic,epic
epigraphic,epigraphy
epigraphica,epigraphy
epigraphy,epigraphy
etana,ETANA
ethiopia,Ethiopia
ethiopic,Ethiopic
ethnography,ethnography
etruscan,Etruscans
etruscans,Etruscans
europe,Europe
excavation,archaeology
excavations,archaeology
exhibition catalogue,"exhibition, catalogue, exhibition catalogue"
exhibition,exhibition
exhibitions catalogue,"exhibition, catalogue, exhibition catalogue"
expedition,archaeology
experimental archaeology,experimental archaeology
fachbibliothek,
fayoum,Fayoum
feminism,feminism
festschrift,Festschrift
film,video
filología,philology
finland,Finland
flickr,"flickr, imagery"
florilegium,florilegium
food,food
forensic anthropology,forensic anthropology
fortification,fortifications
fortifications,fortifications
forum,forum
fouilles,
france,France
francs,France
français,French
french,French
fs stolper,FS Stolper
fund,
fyrom,FYROM
gallo-roman,"Gaul, Gallo-Roman, Roman"
gaul,Gaul
gedenkschrift,Gedenkschrift
gender studies,gender studies
gender,gender
genizah,Genizah
geoarchaeology,"archaeology, geoarchaeology"
geography,geography
georgia,Georgia
georgian,Georgian
german,German
germany,Germany
germay,Germany
getty,Getty
gezer,Gezer
gilf kebir,Gilf Kebir
gis,GIS
gis. archaeology,"GIS, archaeology"
giza,Giza
glass,glass
glossary,glossary
glyptic,glyptic
graecae,Greek
graffiti,graffiti
grammar,grammar
great britain,Great Britain
grecoroman,"Greece, Rome"
greece,Greece
greek bible,"Greek Bible, Bible"
greek coptic,"Greek, Coptic"
greek world,Greek world
greek,Greek
greek. latin,"Greek, Latin"
griechische welt,Greek world
griffith institute,Griffith Institute
guidebook,guidebooks
guidebooks,guidebooks
habu,
hebrew dictionary,"Hebrew Dictionary, dictionaries, Hebrew"
hebrew jewish studies,"Hebrew, jewish studies"
hebrew manuscripts,Hebrew manuscripts
hebrew,Hebrew
hellenic,
hellenistic,Hellenistic
herculaneum,Herculaneum
heritage,heritage
herodotus,Herodotus
hesperia,"Hesperia, journal"
hierakonpolis,Hierakonpolis
hieratic,Hieratic
hieroglyphs,Hieroglyphs
histoire,history
historia,history
historians,history
historica,history
historical jesus,historical Jesus
historical,history
historiography,historiography
history,history
história,history
hittite,Hittite
homer,Homer
humanities,
humor,humor
hungary,Hungary
huns,Huns
hydrology,hydrology
image database,"image database, imagery, database"
image,imagery
images,imagery
imaging,imagery
imperial,empires
india,India
indian,India
indoeuropean,Indoeuropean
indology,Indology
industry,industry
inscriptions architecture,"inscriptions, architecture"
inscriptions,"epigraphy, inscriptions"
inscriptionum,"epigraphy, inscriptions"
insriptions,"epigraphy, inscriptions"
institut français d'archéologie orientale,Institut français d'archéologie orientale
institut français d'études anatoliennes,Institut Français d'Études Anatoliennes
institut français d’archéologie orientale,Institut français d’archéologie orientale
institute of nautical archaeology,Institute of Nautical Archaeology
institutional repositories,institutional repository
institutional repository,institutional repository
international council of museums,International Council of Museums
international council on monuments and sites,International Council on Monuments and Sites
iran,Iran
iranian,Iran
iranica,Iran
iraq mesopotamia,"Iraq, Mesopotamia"
iraq,Iraq
ireland,Ireland
irrigation,irrigation
isaw,ISAW
isis,"Isis, religion"
islam,"Islam, religion"
islamic,"Islam, religion"
israel,Israel
issue,"journal issues, journal"
istanbul,Istanbul
italian,Italian
italy,Italy
itaq,Iraq
japan,Japan
jerusalam,Jerusalem
jerusalem,Jerusalem
jesot,JESOT
jewish studies,Jewish studies
jewish,"Judaisim, religion"
jordan,Jordan
journal issues,journal issues
journal,journal
journals,journal
jstor,JSTOR
judaica,Judaica
judaisim,"Judaism, religion"
judaism,"Judaism, religion"
jvrp,JVRP
karnak,Karnak
karpatica = karpatyka,Karpatica = Karpatyka
karpatica,Karpatica = Karpatyka
karpatyka,Karpatica = Karpatyka
kazakhstan,Kazakhstan
khazakstan,Kazakhstan
khirgizstan,Kyrgyzstan
klassische archäologie,"classical archaeology, archaeology"
klassische sprachen und literaturen,"classical languages and literature, classics"
kmz,KMZ
korea,Korea
kurdistan,Kurdistan
kuwait,Kuwait
kyrgyzstan,Kyrgyzstan
language,language
languages,language
larsa,Larsa
late antiquity,late antiquity
latin,Latin
latina,Latin
latinarum,Latin
latinorum,Latin
law,law
lawdi,"LAWDI, LOD, open data"
lebanon,Lebanon
lecture series,lecture series
levant,Levant
lexciography,"lexicography, dictionaries"
lexicography,"lexicography, dictionaries"
lexicograpy,"lexicography, dictionaries"
lexicon,"lexicon, lexicography, dictionaries"
libraries,digital library
libraries,libraries
libya,Libya
linear b,Linear B
linguistics,linguistics
literary,literature
literature,literature
liturgy,liturgy
live stream,live streaming
looting,looting
luwian,Luwian
luxor,Luxor
lykaonia,Lykaonia
macedonia,Macedonia
magazine,magazine
magic,magic
mailing list,mailing list
manscripts,manuscripts
manual,manual
manuscript,manuscripts
manuscripts,manuscripts
map,maps
maps,maps
mari,Mari
maritime archaeology,"archaeology, nautical archaeology"
material culture,material culture
materials science,materials science
materials,materials
mathematics,mathematics
max planck institute for the history of science,Max Planck Institute for the History of Science
mdog,MDOG
mediaeval,Middle Ages
mediaevalia,Middle Ages
medicine,medicine
medieval,Middle Ages
medinet habu,Medinet Habu
medinet,
mediterranean,Mediterranean
megiddo,Megiddo
merj,MERJ
mesopotamia,Mesopotamia
mesopotamian,Mesopotamia
metallurgy,metallurgy
metalurgy,metallurgy
metropolitan museum of art,"Metropolitan Museum of Art, museums"
metu,METU
mexico,Mexico
michigan,Michigan
middle ages,Middle Ages
middle east,Middle East
middle euphrates,Middle Euphrates
military,military
mittheilungen der deutschen orient-gesellschaft,Mittheilungen der Deutschen Orient-Gesellschaft
mms,MMS
moldova,Moldova
mongolia,Mongolia
monograph,monograph
monographs,monograph
monuments,monuments
morocco,Morocco
mosaics,mosaics
mummies,mummies
munich,Munich
musawwarat es sufra,Musawwarat es Sufra
museo,museums
museum,museums
museums,museums
music,music
musicology,"music, musicology"
musée,museums
mycenaean,Mycenean
mycenean,Mycenean
mythology,mythology
myths,mythology
méditerranée,Mediterranean
mémoires,journal
natural history,natural history
naukratis,Naukratis
nautical archaeology,"archaeology, nautical archaeology"
near east,Near East
nederlands instituut voor het nabije oosten,Nederlands Instituut voor het Nabije Oosten
neo-latin,Neo-Latin
neoassyrian,Neoassyrian
neolatin,Neo-Latin
netherlads institute for the near easat,Netherlands Institute for the Near East
netherland,Netherlands
netherlands institute for the near east,Netherlands Institute for the Near East
netherlands,Netherlands
new testament,"New Testament, Bible, religion"
news,
newsletter,newsletter
newsletters,newsletter
ngo,NGO
nimrud,Nimrud
nino,NINO
no longer open access,closed access
nordafrika,North Africa
north africa,North Africa
not open access,closed access
noua tellus,Noua Tellus
nova tellvs,Nova Tellvs
nubia,Nubia
numismatic,numismatics
numismatics,numismatics
o;d kingdom,old kingdom
old babylonian,Old Babylonian
old kingdom,old kingdom
old testament,"Old Testament, Bible"
old turkic,Old Turkic
online course,online course
online library,digital library
onomastics,onomastics
opac,OPACs
opacs,OPACs
open access journal,"open access, journal"
open access,open access
open context,open context
open data,open data
open repository,open repository
orient,
oriental institute,Oriental Institute
orientalia,
pacific,Pacific
palaeobotany,palaeobotany
paleobiology,Paleobiology
palestine,Palestine
palethnologie,Palethnologie
papers,
papyri,papyrology
papyrological,papyrology
papyrology,papyrology
papyrus,papyrology
parthia,Parthia
pas,PAS
patristics,patristics
patrologia,patrologia
payrology,papyrology
pedagagy,pedagogy
pedagogy,pedagogy
peloponnese,Peloponnese
pennsylvania,Pennsylvania
periodicals,journal
persee,Persée
perseus,Perseus
persia,Persia
persian gulf,Persian Gulf
perspectives,
persée,Persée
persée,Persée
philologica,philology
philologie,philology
philology,philology
philosophy,philosophy
phoenician,Phoenician
photo,imagery
photographs,imagery
photography,"photography, imagery"
photostream,imagery
phototography,"photography, imagery"
phrygia,Phrygia
places,geography
podcast,podcast
podcasting,"podcasting, podcast, audio"
podcasts,"podcasting, podcast, audio"
poetry,poetry
poland,Poland
pompeii,Pompeii
portal,
portraiture,portraiture
portugal,Portugal
portugese,Portuguese
portuguese,Portuguese
pottery,"pottery, ceramics"
prehistoria,prehistory
prehistoric,prehistory
prehistory,prehistory
preprints,prepublication
prepublication,prepublication
presentations,presentations
preservation,preservation
presocratics,Presocratics
proceedings,proceedings
procheorient,
project,project
prosopographical,prosopography
prosopography,prosopography
proverbs,Proverbs
préhistorique,prehistory
publication,
publications,
publisher,publisher
publishing,
punic,Punic
quarterly,journal
qumran,Qumran
rabbinics,"Rabbinics, religion, Judaism"
ras shamra,Ras Shamra
reception,reception
receptoin,reception
red sea,Red Sea
religion,religion
religious,religion
renaissance,Renaissance
report,report
reports,report
reports,reports
repository,repository
republic of georgia,"Republic of Georgia, Georgia"
research archives,research archives
research,
resources,
reviews,journal
revista,journal
revue,journal
rezeption,reception
rhetoric,rhetoric
rhodes,Rhodes
rida,Rida
rivista,journal
roman archaeology,"Roman archaeology, archaeology, Roman"
roman empire,"Roman Empire, Roman"
roman,Roman
romana,Roman
romania,Romania
romanian archaeology,"archaeology, Romania, Romanian archaeology"
romanian,Romanian
romano,Roman
rome,Rome
russia,Russia
russian,Russian
römisches reich,"Roman Empire, Roman"
saguntum,Saguntum
salamis,Salamis
sanscrit,Sanskrit
sanskrit,Sanskrit
sardinia,Sardinia
sardis,Sardis
saudi arabia,Saudi Arabia
sbl,SBL
scanned,digitization
science,science
sculpture,sculpture
scuplture,sculpture
seals,seals
seb,SEB
secondary school,secondary school
selective open access,mixed access
seleucia,Seleucia
semantics,semantics
semitic,semitics
semitics,semitics
semitische sprachen und literaturen,Semitic languages and literature
septuagint,"Septuagint, Bible, religion"
serbia,Serbia
serbian,Serbian
serie,series
sexuality,sexuality
sigillography,sigillography
silwan,Silwan
sites,
slavery,slavery
slovakia,Slovakia
slovenia,Slovenia
slovenian,Slovenian
snails,snails
social network,social network
society of biblical literature,SBL
society of euboean studies,Society of Euboean Studies
sources,
south africa,South Africa
south arabia,"Arabia, South Arabia"
south asia,South Asia
southeast asia,Southeast Asia
sovenia,Slovenia
soviet union,Soviet Union
spain,Spain
spanish,Spanish
spasin,Spain
sri lanka,Sri Lanka
statuary,statuary
storia,history
student journal,"student journal, journal"
studien zu produktion,Studien zu Produktion
studies,
subsistenz und umwelt im frühen vorderasien,Subsistenz und Umwelt im frühen Vorderasien
sudan,Sudan
suisse,Switzerland
sumerian,Sumerian
survey,survey
sweden,Sweden
switzerland,Switzerland
symposium,conference
syntax,syntax
syrac,Syriac
syria,Syria
syriac,Syriac
syrian,Syria
tartarstan,Tartarstan
tataristan,Tartarstan
teaching,teaching
technology,technology
tell brak,Tell Brak
tell mardikh,Tell Mardikh
temples,religion
text corpus,text editions
text editions,text editions
textbook,textbooks
textbooks,textbooks
texts,
the jezreel valley regional project (jvrp),JVRP
the jezreel valley regional project,JVRP
the nelson glueck school of biblical archaeology,The Nelson Glueck School of Biblical Archaeology
the society for the promotion of roman studies,The Society for the Promotion of Roman Studies
theater,theater
theatre,theater
theatrical,theater
theban necropolis,Theban Necropolis
theban,Thebes
thebes,Thebes
theological,"theology, religion"
theology,"theology, religion"
thesaurus,thesaurus
theses,theses
tibet,Tibet
time,time
tlg,TLG
tools,tools
tourism,tourism
trade,trade
travel,travel
trismegistos,Trismegistos
trismegistos,Trismegistos
trypillia,Trypillia
tuba-ar,Tuba-Ar
tunisia,Tunisia
turkey,Turkey
ugarit,Ugarit
uk,UK
ukraine,Ukraine
unesco,UNESCO
university of oxford,University of Oxford
university,
urartian,Urartian
urbanism,urbanism
uruk,Uruk
ussr,USSR
uzbekistan,Uzbekistan
valencia,Valencia
vatican city,Vatican City
verlag c.h.beck,Verlag C.H.Beck
verlag ferdinand schöningh,Verlag Ferdinand Schöningh
verlag otto sagner,Verlag Otto Sagner
verlage vandenhoeck & ruprecht und v & r unipress,Verlage Vandenhoeck & Ruprecht und V & R unipress
video,video
virtual libraries,digital library
virtual library,digital library
visualisation,visualization
visualization,visualization
wales,Wales
web,website
website,website
west bank,West Bank
wiki,wiki
wilhelm fink verlag,Wilhelm Fink Verlag
william matthew flinders petrie,William Matthew Flinders Petrie
women,women
womens' studies,womens' studies
wood,Wood
writing,writing
yemen,Yemen
youtube,video
zagreb,Zagreb
zeitschrift,journal
zenon,Zenon
zinjirli,Zinjirli
ägyptische sprache und literatur,"Egyptian, literature"
ägyptologie,egyptology
égypte,Egypt
égyptienne,Egypt
ה- קדם,ה- קדם
